64292927021f17e13fbc1e51,Admiral Ackbar,cGVvcGxlOjI3,Ackbar
64292927021f17e13fbc1e50,Adi Gallia,cGVvcGxlOjU1,Adi Gallia
64292927021f17e13fbc1e71,Anakin Skywalker,cGVvcGxlOjEx,Anakin Skywalker
,,cGVvcGxlOjI5,Arvel Crynyd
64292927021f17e13fbc1e4f,Aayla Secura,cGVvcGxlOjQ2,Ayla Secura
64292927021f17e13fbc1e8a,Bail Organa,cGVvcGxlOjY4,Bail Prestor Organa
64292927021f17e13fbc1e8f,Barriss Offee,cGVvcGxlOjY1,Barriss Offee
64292927021f17e13fbc1e9a,Ben Quadinaros,cGVvcGxlOjUw,Ben Quadinaros
64292927021f17e13fbc1e9e,Beru Lars,cGVvcGxlOjc=,Beru Whitesun lars
64292927021f17e13fbc1ea0,Bib Fortuna,cGVvcGxlOjQ1,Bib Fortuna
64292927021f17e13fbc1ea3,Biggs Darklighter,cGVvcGxlOjk=,Biggs Darklighter
64292927021f17e13fbc1eab,Boba Fett,cGVvcGxlOjIy,Boba Fett
64292927021f17e13fbc1eb8,Bossk,cGVvcGxlOjI0,Bossk
64292927021f17e13fbc1ec5,C-3PO (See-Threepio),cGVvcGxlOjI=,C-3PO
64292927021f17e13fbc1eee,Chewbacca,cGVvcGxlOjEz,Chewbacca
64292927021f17e13fbc1efd,Cliegg Lars,cGVvcGxlOjYy,Cliegg Lars
,,cGVvcGxlOjYx,Cordé
64292927021f17e13fbc207f,Maul,cGVvcGxlOjQ0,Darth Maul
64292927021f17e13fbc1f33,Darth Vader,cGVvcGxlOjQ=,Darth Vader
64292927021f17e13fbc1f43,Dexter Jettster,cGVvcGxlOjcx,Dexter Jettster
64292927021f17e13fbc1f29,Count Dooku,cGVvcGxlOjY3,Dooku
64292927021f17e13fbc1f51,Dormé,cGVvcGxlOjY2,Dormé
,,cGVvcGxlOjQ4,Dud Bolt
64292927021f17e13fbc1f62,Eeth Koth,cGVvcGxlOjU0,Eeth Koth
64292927021f17e13fbc2182,Supreme Chancellor Valorum,cGVvcGxlOjM0,Finis Valorum
64292927021f17e13fbc1f9a,Gasgano,cGVvcGxlOjQ5,Gasgano
64292927021f17e13fbc1fc2,Greedo,cGVvcGxlOjE1,Greedo
64292927021f17e13fbc1edc,Captain Typho,cGVvcGxlOjYw,Gregar Typho
64292927021f17e13fbc1f9e,General Grievous,cGVvcGxlOjc5,Grievous
64292927021f17e13fbc1fd8,Han Solo,cGVvcGxlOjE0,Han Solo
64292927021f17e13fbc1fe5,IG-88,cGVvcGxlOjIz,IG-88
64292927021f17e13fbc1ff2,Jabba the Hutt,cGVvcGxlOjE2,Jabba Desilijic Tiure
64292927021f17e13fbc1ff7,Jango Fett,cGVvcGxlOjY5,Jango Fett
64292927021f17e13fbc1ffa,Jar Jar Binks,cGVvcGxlOjM2,Jar Jar Binks
64292927021f17e13fbc2001,Jek Porkins,cGVvcGxlOjE5,Jek Tono Porkins
64292927021f17e13fbc200a,Jocasta Nu,cGVvcGxlOjc0,Jocasta Nu
64292927021f17e13fbc2025,Ki-Adi-Mundi,cGVvcGxlOjUy,Ki-Adi-Mundi
64292927021f17e13fbc202e,Kit Fisto,cGVvcGxlOjUz,Kit Fisto
64292927021f17e13fbc203f,Lama Su,cGVvcGxlOjcy,Lama Su
64292927021f17e13fbc2040,Lando Calrissian,cGVvcGxlOjI1,Lando Calrissian
64292927021f17e13fbc2046,Leia Organa,cGVvcGxlOjU=,Leia Organa
64292927021f17e13fbc2053,Lobot,cGVvcGxlOjI2,Lobot
64292927021f17e13fbc2062,Luke Skywalker,cGVvcGxlOjE=,Luke Skywalker
64292927021f17e13fbc2064,Luminara Unduli,cGVvcGxlOjY0,Luminara Unduli
64292927021f17e13fbc206c,Mace Windu,cGVvcGxlOjUx,Mace Windu
64292927021f17e13fbc207d,Mas Amedda,cGVvcGxlOjU5,Mas Amedda
64292927021f17e13fbc2096,Mon Mothma,cGVvcGxlOjI4,Mon Mothma
64292927021f17e13fbc20aa,Nien Nunb,cGVvcGxlOjMx,Nien Nunb
64292927021f17e13fbc20b3,Nute Gunray,cGVvcGxlOjMz,Nute Gunray
64292927021f17e13fbc20b5,Obi-Wan Kenobi,cGVvcGxlOjEw,Obi-Wan Kenobi
64292927021f17e13fbc20d0,Owen Lars,cGVvcGxlOjY=,Owen Lars
64292927021f17e13fbc20d2,Padmé Amidala,cGVvcGxlOjM1,Padmé Amidala
64292927021f17e13fbc1f6b,Emperor Palpatine / Darth Sidious,cGVvcGxlOjIx,Palpatine
64292927021f17e13fbc20e6,Plo Koon,cGVvcGxlOjU4,Plo Koon
64292927021f17e13fbc20ea,Poggle the Lesser,cGVvcGxlOjYz,Poggle the Lesser
64292927021f17e13fbc1ed9,Captain Panaka,cGVvcGxlOjQy,Quarsh Panaka
64292927021f17e13fbc2108,Qui-Gon Jinn,cGVvcGxlOjMy,Qui-Gon Jinn
64292927021f17e13fbc210c,R2-D2,cGVvcGxlOjM=,R2-D2
64292927021f17e13fbc2113,R4-P17,cGVvcGxlOjc1,R4-P17
64292927021f17e13fbc2114,R5-D4,cGVvcGxlOjg=,R5-D4
64292927021f17e13fbc2122,Ratts Tyerell,cGVvcGxlOjQ3,Ratts Tyerel
64292927021f17e13fbc1ecc,Captain Antilles,cGVvcGxlOjgx,Raymus Antilles
64292927021f17e13fbc2129,Ric Olie,cGVvcGxlOjM5,Ric Olié
64292927021f17e13fbc1fab,General Tarpals,cGVvcGxlOjM3,Roos Tarpals
64292927021f17e13fbc1eb7,Boss Nass,cGVvcGxlOjM4,Rugor Nass
64292927021f17e13fbc2143,Saesee Tiin,cGVvcGxlOjU2,Saesee Tiin
64292927021f17e13fbc2147,San Hill,cGVvcGxlOjc3,San Hill
64292927021f17e13fbc214f,Sebulba,cGVvcGxlOjQx,Sebulba
64292927021f17e13fbc215b,Shaak Ti,cGVvcGxlOjc4,Shaak Ti
64292927021f17e13fbc2160,Shmi Skywalker Lars,cGVvcGxlOjQz,Shmi Skywalker
64292927021f17e13fbc2171,Sly Moore,cGVvcGxlOjgy,Sly Moore
64292927021f17e13fbc2194,Tarfful,cGVvcGxlOjgw,Tarfful
64292927021f17e13fbc2197,Taun We,cGVvcGxlOjcz,Taun We
64292927021f17e13fbc21b6,Tion Medon,cGVvcGxlOjgz,Tion Medon
64292927021f17e13fbc21e3,Wat Tambor,cGVvcGxlOjc2,Wat Tambor
64292927021f17e13fbc21e4,Watto,cGVvcGxlOjQw,Watto
64292927021f17e13fbc21e5,Wedge Antilles,cGVvcGxlOjE4,Wedge Antilles
64292927021f17e13fbc21e9,Wicket W. Warrick,cGVvcGxlOjMw,Wicket Systri Warrick
64292927021f17e13fbc1fc0,Grand Moff Tarkin,cGVvcGxlOjEy,Wilhuff Tarkin
64292927021f17e13fbc21f8,Yarael Poof,cGVvcGxlOjU3,Yarael Poof
64292927021f17e13fbc21fa,Yoda,cGVvcGxlOjIw,Yoda
64292927021f17e13fbc21fe,Zam Wesell,cGVvcGxlOjcw,Zam Wesell